Province,Rain,Drought
A.M. Kai Thraki,26,
Aaland,9,8
Abia,10,4
Abidjan,8,4
Abkhazia ,8,1
Abruzzi,7,1
Abu Dhabi,14,
Acre,19,
Adamaoua,11,
Adamawa,5,2
Adana,10,
Adiyaman,7,7
Adjara Aut. Rep.,12,8
Adygeya Rep.,15,7
Afar 1,7,
Afar 3,14,8
Afyon,23,2
Agri,35,8
Aguascalientes,17,9
Ahal,8,12
Ain-Defla,11,8
Ain-Temouchent,11,4
Aiti,17,
Ajloon,3,7
Akershus,16,12
Akita,13,
Akmolinskaya,15,8
Aksaray,11,5
Aktyubinskaya,25,10
Akwa Ibom,13,8
Al Aziziyah,12,8
Al Batnah,24,7
Al Dhale'e,3,8
Al Fatah,7,5
Al Hudaydah,3,
Al Jabal A.K.,8,9
Al Jazeera,2,5
Al Khoms,6,9
Al Mahwit,2,3
Al_Qunaytirah,9,2
Alaba,6,4
Alabama,7,
Alagoas,4,3
Alajuela,22,
Alaotra Mangoro,45,2
Alba,22,13
Albania,17,7
Alberta,19,3
Aleppo,7,9
Alger,12,14
Alibori,6,2
Almatinskaya,22,
Alsace,9,
Altayskiy Kray,7,5
Alto Paraguay,8,5
Alto Parana,17,14
Alytaus,9,11
Amambay,14,
Amasya,27,9
Amazonas,34,
Amman,3,6
Amnat Charoen,5,4
Amoron I Mania,17,
Amurskaya ,8,
An Giang,14,
Analamanga,9,
Analanjirofo,42,
Anambra,5,2
Anbar,7,
Ancash,2,3
Andalucía,9,
Andaman,36,4
Andhra Pradesh,15,2
Andijan,10,3
Androy,20,21
Ang Thong,19,1
Anhui Sheng,20,
Ankara,18,10
Annaba,3,9
Anosy,28,8
Anseba,11,2
Antalya,12,
Antioquia,6,
Anzoategui,16,21
Aomori,11,
Apure,16,
Apurímac,6,
Aquitaine,5,
Arad,17,
Aragua,9,15
Aragón,11,
Aran,42,4
Arauca,17,
Araucania,8,
Ardahan,19,7
Ardebil,33,
Arequipa,8,
Arges,20,10
Ariana,4,9
Arizona,9,1
Arkansas,10,1
Armenia,33,6
Arsi,14,4
Artibonite,8,
Artigas,10,
Artvin,15,12
Arunachal P.,6,
Arusha,6,8
Arxangai,10,12
As_Suweida,4,2
Ashanti,9,
Asir,2,
Asosa,5,
Assam,6,
Astrakhanskaya ,22,4
Asturias,7,
Atakora,9,3
Atlantico,8,3
Atlantico Norte,8,
Atlantico Sur,9,
Atlantida,14,
Atsimo A.,27,
Atsimo Andrefana,3,12
Attapu,12,4
Attiki,12,4
Atyrauskaya,32,15
Auckland,4,
Aust-agder,7,7
Auvergne,12,3
Awi Agew,10,
Ayacucho,7,
Aydin,5,4
Ayeyawaddy,12,
Az Zawia,9,12
Azuay,18,
Ba Ria-Vung Tau,13,2
Babil,11,4
Bac Giang,18,
Bac Kan,16,
Bac Lieu,12,4
Bac Ninh,16,3
Bacau,12,7
Badakhshan,11,
Baden W.,7,
Badghis,6,3
Bafata,3,
Baghdad,10,2
Baghlan,9,
Bago (E),9,2
Bago (W),7,4
Baha,6,
Bahia,13,13
Baja California,2,8
Bale,20,2
Bali,23,
Balikesir,18,4
Balkan,6,6
Balkh,9,7
Balochistan,19,
Balqa,7,8
Bamyan,11,1
Bandama,8,2
Banghazi,4,4
Bangka Belitung,2,
Bangkok,16,
Banska Bystrica,11,11
Banteay Meanchey,9,
Banten,15,
Barinas,10,
Baringo,22,7
Barisal,11,3
Bartin,15,6
Bas Sassandra,13,
Bas-Uele,1,
Bashkortostan,3,8
Basilicata,18,
Basketo,6,
Basrah,5,2
Basse-Kotto,4,
Basse-Normandie,20,
Batha,4,8
Batman,5,7
Batna,9,5
Battambang,10,
Bauchi,8,
Bay,8,9
Bay Of Plenty,15,
Bayburt,23,9
Bayern,6,5
Beijing Shi,9,
Beja,6,12
Bejaia,11,6
Belgorodskaya ,7,10
Belize,14,
Ben Arous,7,6
Ben Tre,6,
Bench Maji,11,
Bengkulu,4,
Bengo,7,7
Benguela,5,3
Beni,17,
Benue,3,
Bernardo Higgins,4,
Betsiboka,2,4
Bhutan,9,1
Bicol Region,16,
Bie,8,
Bihar,20,2
Bihor,17,6
Bilecik,43,6
Bingol,26,4
Binh Dinh,14,
Binh Duong,7,
Binh Phuoc,16,
Binh Thuan,14,1
Biobio,15,
Biskra,16,
Bistrita-nasaud,21,15
Bitlis,29,4
Bizerte,3,9
Blekinge Laen,7,5
Blida,15,2
Blue Nile,5,4
Boaco,7,
Boke,3,
Bokeo,17,
Bolikhamxai,11,
Bolivar,24,
Bolu,24,11
Bomet,9,3
Bomi,9,3
Bong,10,1
Bongolava,4,
Boqueron,2,12
Bordj Bou Arrer,7,3
Borena,17,16
Borgou,7,2
Borno,10,5
BosneHercegovine,7,
Botosani,15,12
Boucle Mouhoun,14,2
Bouenza,2,3
Bouira,11,8
Boumerdes,16,3
Bourgogne,12,2
Boyaca,19,
Braila,20,4
Brandenburg,16,7
Brasov,21,7
Bratislava,18,
Brest,9,7
Bretagne,5,
British Columbia,12,
Brong Ahafo,11,
Bryanskaya ,5,4
Bucuresti,26,1
Buenos Aires,7,
Bulgan,17,7
Bulgaria,32,2
Bungoma,17,
Burdur,19,8
Burgenland,12,2
Buriram,8,2
Bursa,32,
Burundi East,12,
Burundi West,5,
Bushehr,13,8
Busia,17,
Buskerud,6,14
Buzau,24,9
C. Equatoria,7,
C. Valenciana,38,
Ca Mau,13,7
Caaguazu,19,1
Caazapa,9,1
Cabo Delgado,2,
Cagayan Valley,10,
Cajamarca,15,
Calabarzon,23,
Calabria,15,
Calarasi,21,4
Caldas,13,
California,6,
Camaguey,11,1
Campania,12,
Campeche,14,
Can Tho city,11,7
Canakkale,16,4
Canar,12,
Canarias,17,9
Canelones,13,3
Canindeyu,27,3
Cankiri,32,
Cantabria,8,
Canterbury,18,
Cao Bang,17,
Caraga,7,
Caras-severin,14,2
Carazo,2,
Carchi,8,
Cartago,19,
Casanare,11,
Cascades,5,
Castilla L.M.,10,2
Castilla y León,12,6
Cataluña,5,
Catamarca,4,6
Cauca,13,
Ceara,12,7
Central,105,33
Central Area,5,
Central Luzon,17,
Central Region,9,3
Central Visayas,20,
Centrale,12,
Centre,31,7
Centre-est,8,3
Centre-nord,9,6
Centre-ouest,9,2
Centre-sud,6,2
Cerro Largo,6,7
Cesar,13,1
Chachoengsao,15,2
Chaco,18,4
Chagang-do,12,
Chaharmahal-o B.,10,4
Chainat,20,2
Chaiyaphum,7,
Champagne,21,
Champasak,7,5
Chanthaburi,14,
Chaouia,3,8
Chari-Baguirmi,7,3
Chechnya Rep.,34,6
Cheju-do,20,
Chelyabinskaya ,4,24
Cherkas'ka,16,4
Chernihivs'ka,8,4
Chernivets'ka,20,5
Chhattisgarh,19,2
Chiang Mai,12,
Chiang Rai,17,
Chiapas,19,
Chihuahua,14,5
Chimborazo,23,
Chimbu,10,
Chinandega,3,
Chiriquí,15,
Chittagong,14,2
Chlef,15,6
Chobe,3,6
Choco,15,2
Chollabuk-do,15,
Chollanam-do,19,
Choluteca,10,
Chonburi,5,
Chongqing Shi,16,
Chontales,12,
Chumphon,14,
Chungchongbuk-do,9,
Chungchongnam-do,11,
Chuquisaca,5,1
Chuvashiya Rep.,1,10
Chuy,30,10
Ciego De Avila,13,4
Cienfuegos,12,
Cluj,23,7
Coahuila,13,
Cochabamba,12,
Coclé,9,
Cojedes,10,4
Colima,24,
Collines,10,
Colon,12,
Colonia,15,3
Colorado,17,5
Comayagua,9,
Comoe,10,4
Concepcion,18,
Connecticut,11,
Constanta,13,6
Constantine,4,10
Copan,19,
Copperbelt,9,
Cordillera,22,
Cordoba,15,4
Corrientes,14,9
Corse,14,2
Cortes,15,
Corum,31,4
Cotopaxi,5,
Couffo,9,1
Covasna,19,10
Croatia,10,7
Cross River,9,1
Cuando Cubango,7,
Cuanza Sul,5,4
Cundinamarca,16,
Cunene,10,9
Cusco,15,
Cyprus,18,6
Da Nang City,20,2
Dadra,9,2
Daerah I.Y.,18,
Dagestan Rep.,28,4
Daghlig Shirvan,18,
Dahuk,8,7
Dak Lak,13,2
Dak Nong,14,
Dakar,4,11
Dalarnas Laen,8,8
Daman and Diu,7,5
Damascus,8,
Dara,5,1
Darién,5,
Darnah,7,6
Darxan-Uul,7,8
Davao Region,6,
Dawro,11,
Daykundi,10,4
Dayr_Az_Zor,10,12
Debub,7,4
Delaware,9,
Delhi,25,8
Delta,4,2
Demerara Mahaica,15,
Denguele,3,
Denizli,31,
Denmark,16,
Dhaka,17,4
Dhamar,4,4
Diana,7,
Dien Bien,24,
Diffa,7,3
Dimbovita,22,12
Diourbel,2,7
Dire Dawa,11,6
Distrito Federal,11,12
Diyala,13,7
Diyarbakir,6,9
Djelfa,13,3
Dnipropetrovs'ka,25,7
Dodoma,12,10
Dolj,31,4
Dolnoslaskie,22,4
Dominican R.,14,1
Donets'ka,18,10
Dong Nai,17,
Dong Thap,7,
Donga,9,
Dosso,4,1
Doukkala - Abda,7,9
Durango,23,4
Durazno,19,4
Dytiki Ellada,7,
Dytiki Makedonia,25,
Dél-Alföld,22,
Dél-Dunántúl,20,3
East Azarbayejan,21,3
East Berbice,10,
East Cape,11,
East Gojam,7,1
East Harerge,12,3
East Highlands,8,
East Sepik,8,
East Shewa,7,2
East Wellega,9,
Eastern,103,10
Eastern Area,6,
Eastern Cape,16,10
Eastern Finland,12,1
Eastern Visayas,3,
Ebonyi,5,1
Edirne,29,12
Edo,3,2
Ehime,15,
Ekiti,7,
El Buheyrat,8,
El Oro,2,
El Oued,4,1
El-Tarf,7,4
Elazig,10,3
Embu,10,7
Emilia-romagna,20,
England,23,2
Entre Rios,15,2
Enugu,6,7
Erbil,9,3
Erzincan,19,12
Erzurum,37,6
Esfahan,13,
Eskisehir,29,6
Esmeraldas,16,5
Espirito Santo,13,4
Essequibo,15,
Est,3,8
Esteli,2,
Estonia,8,
Estuaire,7,1
Extremadura,6,33
Extrême - Nord,9,1
F. Morazan,12,
FA Tribal Areas,25,4
FCT - Abuja,3,
Fafan,23,8
Falcon,18,3
Far West,20,2
Farah,2,3
Faranah,7,
Fars,1,
Faryab,18,
Fatick,1,8
Fergana,6,3
Flores,18,6
Florida,33,
Formosa,24,6
Franche-Comte,11,
Free State,8,12
Friuli,6,
Fujian Sheng,29,
Fès - Boulemane,12,4
Gabes,10,3
Gabu,1,
Gadaref,3,7
Gaevleborgs Laen,8,6
Gafsa,8,4
Galati,23,8
Galicia,10,
Gambia,6,2
Gamo Gofa,20,
Ganja-Gazakh,52,
Gansu Sheng,18,8
Gash Barka,12,4
Gauteng,8,13
Gaza,11,8
Gaziantep,8,2
Gedo,14,11
Geita,7,
Georgia,6,
Gharb,10,12
Ghazni,7,11
Ghazvin,21,
Ghom,10,1
Ghor,15,1
Gia Lai,13,4
Gifu,16,
Gilan,22,
Giresun,12,3
Giurgiu,21,
Goa,12,6
Goias,7,
Golestan,18,8
Gombe,10,2
Gomel,9,
Gorgol,2,8
Gorj,17,5
Gorontalo,11,
Gotlands Laen,10,14
Gracias A Dios,16,
Granada,3,4
Grand Bassa,13,2
Grand Cape Mount,6,4
Grand Casablanca,4,8
Grand Kru,4,
Grande Anse,7,1
Granma,10,1
Greater Accra,11,9
Grodno,10,12
Guaira,8,
Guajira,21,2
Guanacaste,3,
Guanajuato,15,12
Guangdong Sheng,24,
Guangxi Z.Z.,18,
Guantanamo,10,3
Guarico,9,24
Guayas,7,2
Guba-Khachmaz,31,3
Guelma,9,6
Guera,6,4
Guerrero,14,
Guidimakha,7,8
Guizhou Sheng,12,3
Gujarat,6,6
Guji,20,3
Gumushane,18,12
Gunma,17,
Gurage,9,1
Guria,10,
Gôh-Djiboua,6,1
Ha Giang,16,
Ha Nam,19,1
Ha Noi City,18,
Ha Tay,22,
Ha Tinh,19,
Hadiya,6,
Hadjer-Lamis,7,5
Hai Duong,23,5
Hai Phong City,19,6
Hail,7,
Hainan Sheng,15,4
Hakkari,17,13
Hallands Laen,11,5
Hama,11,2
Hamedan,8,5
Hamgyong-bukto,8,
Hamgyong-namdo,7,1
Hareri,14,3
Harghita,15,12
Haryana,18,13
Hassakeh,7,4
Hatay,21,6
Hau Giang,14,
Haut-Katanga,7,
Haut-Lomami,10,
Haut-Uele,3,
Haute Matsiatra,27,
Haute-Normandie,25,2
Hauts-bassins,10,2
Hawke's Bay,12,
Hebei Sheng,10,
Hedmark,6,10
Heilongjiang S.,12,
Henan Sheng,22,
Heredia,17,
Herrera,6,1
Hessen,20,1
Hidalgo,26,
Hilmand,4,6
Himachal Pradesh,25,
Hiraan,6,8
Hirat,1,8
Hirosima,16,
Ho Chi Minh City,14,
Hoa Binh,10,
Hodh Ech Chargi,8,4
Hodh El Gharbi,11,3
Hokkaidoo,9,
Holguin,13,4
Homa Bay,15,4
Homs,8,2
Hordaland,6,
Hormozgan,13,6
Horo Guduru,7,
Houaphan,13,
Huambo,10,
Huancavelica,9,
Hubei Sheng,16,
Huehuetenango,19,
Huila,20,5
Hukui,16,
Hukuoka,12,
Hukusima,23,
Hunan Sheng,14,
Hunedoara,15,10
Hung Yen,17,3
Huánuco,21,
Hwanghae-bukto,9,
Hwanghae-namdo,11,
Hyoogo,12,
Ialomita,27,
Iasi,16,16
Ibaraki,20,
Ibb,4,8
Icel,6,
Idaho,22,
Idleb,7,7
Igdir,20,13
Ihorombe,17,3
Ilam,15,
Ile-de-France,11,4
Illes Balears,8,17
Illinois,14,2
Ilocos Region,13,
Ilubabor,12,
Imbabura,19,
Imereti,14,1
Imo,11,6
Indiana,6,1
Ingushetiya Rep.,26,6
Inhambane,8,
Intibuca,5,
Ionioi Nisoi,22,
Iowa,23,
Ipeiros,18,
Irbid,8,4
Ireland,5,
Iringa,7,3
Irkutskaya ,12,
Isikawa,16,
Isla Juventud,10,
Isparta,29,10
Israel,7,3
Istanbul,36,5
Itapua,3,3
Itasy,10,
Ituri,5,
Ivano,17,6
Ivanovskaya ,8,1
Iwate,17,
Izabal,18,
Izmir,5,
Jaemtlands Laen,5,
Jalal-Abad,5,
Jalisco,28,
Jamaica,13,1
Jambi,13,
Jambylslkaya,31,
Jarash,5,4
Jawa Barat,23,
Jawa Tengah,24,
Jawa Timur,21,
Jawf,7,
Jawzjan,9,12
Jendouba,5,3
Jharkhand,14,
Jiangsu Sheng,15,
Jiangxi Sheng,21,
Jigawa,3,4
Jihocesky,16,8
Jihomoravsky,22,2
Jijel,5,
Jilin Sheng,15,
Jimma,8,
Jinotega,6,
Jizan,18,3
Jizzakh,13,5
Joenkoepings,9,3
Johor,12,
Jonglei,4,8
Juba Dhexe,22,13
Juba Hoose,23,14
Jujuy,1,
Junín,9,
K.maras,11,
KT,8,
Kabardino B.,14,3
Kabul,18,7
Kachin,12,
Kaduna,10,1
Kaesong-si,5,
Kaffrine,5,11
Kagawa,15,
Kagera,18,2
Kagosima,18,
Kairouan,11,4
Kajiado,5,10
Kakamega,25,
Kakheti,18,2
Kalasin,9,2
Kalbajar-Lachin,25,2
Kalimantan Barat,14,
Kalimantan S.,21,
Kalimantan T.,10,
Kalimantan Timur,9,
Kaliningradskaya,9,4
Kalmar Laen,9,13
Kalmykiya Rep.,6,3
Kaluzhskaya ,7,4
Kampaeng Phet,5,
Kampong Cham,5,
Kampong Chhnang,8,
Kampong Speu,4,5
Kampong Thom,5,2
Kampot,7,
Kanagawa,11,
Kanchanaburi,10,3
Kandahar,1,
Kandal,9,
Kang-won-do,8,
Kangwon-do,5,
Kankan,5,
Kano,4,5
Kansas,14,9
Kaolack,5,6
Kapisa,24,2
Kara,5,1
Karabuk,27,4
Karagandinskaya,16,6
Karak,1,8
Karakalpakstan,6,3
Karaman,11,
Karamoja,30,11
Karatchayevo,20,7
Karnataka,9,3
Karnten,5,
Kars,33,4
Kasai-Central,12,
Kasai-Oriental,9,
Kashkadarya,11,6
Kassala,3,
Kasserine,6,3
Kastamonu,21,9
Katavi,10,
Katsina,6,2
Kauno,7,14
Kavango East,5,7
Kavango West,6,10
Kayar,6,
Kayes,10,3
Kayin,11,2
Kayseri,15,3
Kebbi,8,2
Kebili,15,
Kedah,21,
Kedougou,3,
Keffa,11,
Keiyo-Marakwet,11,
Kelantan,5,
Kelem Wellega,11,
Kemashi,9,1
Kemerovskaya ,7,5
Kentriki M.,16,
Kentucky,15,
Kepulauan-riau,6,
Kerala,20,
Kerbala,5,
Kericho,9,
Kerman,1,
Kermanshah,7,9
Kgatleng,5,39
Khakasiya Rep.,9,8
Khammouan,21,3
Khanh Hoa,19,4
Kharkivs'ka,20,17
Khartoum,1,
Khatlon,9,2
Khenchela,5,3
Khersons'ka,19,
Khmel'nyts'ka,17,5
Khon Kaen,7,
Khorasan,12,
Khost,19,7
Khulna,11,
Khuzestan,13,6
Kiambu,25,2
Kien Giang,12,
Kigoma,7,
Kilifi,9,9
Kilimanjaro,16,8
Kilis,7,4
Kindia,7,
Kinshasa,8,
Kirikkale,16,10
Kirinyaga,13,1
Kirklareli,20,8
Kirkuk,11,5
Kirovohrads'ka,23,8
Kirovskaya ,1,5
Kirsehir,11,9
Kisii,11,
Kisumu,17,9
Kitui,11,7
Klaipedos,3,11
Kocaeli,42,1
Kogi,2,
Koh Kong,12,
Kohgiluyeh,12,
Kolda,4,
Komi-permyatskiy,4,11
Kon Tum,12,4
Kongo-Central,4,
Konta,7,
Konya,17,5
Kooti,11,
Kordestan,11,8
Kosice,15,7
Kostromskaya ,11,
Kouilou,2,6
Koulikoro,7,
Krabi,13,
Krasnodarskiy,10,4
Krasnoyarskiy,8,
Kratie,3,
Kriti,9,
Kronobergs Laen,8,4
Krym,16,4
Kujawsko P.,17,1
Kumamoto,12,
Kunar,12,4
Kunduz,13,7
Kurganskaya ,8,11
Kurskaya ,7,9
Kustanayskaya,11,15
Kutahya,34,5
Kvemo Kartli,29,2
KwaZulu-Natal,15,5
Kwale,12,10
Kwango,9,
Kwara,12,
Kweneng,9,17
Kwilu,9,
Kyonggi-do,12,
Kyongsangbuk-do,14,
Kyongsangnam-do,17,
Kyooto,18,
Kyyivs'ka,16,4
Kyzylordinskaya,13,
Kémo,4,
Közép-Dunántúl,22,3
Közép-Magyar.,20,7
L'vivs'ka,16,2
La Habana,14,
La Libertad,2,3
La Pampa,7,4
La Paz,32,5
La Rioja,14,4
Labe,6,
Lac,5,1
Lacs,7,6
Laghman,28,1
Laghouat,10,4
Lagunes,8,4
Lahj,8,
Lai Chau,15,
Laikipia,18,14
Lake Albert,13,1
Lake Victoria,15,
Lam Dong,18,
Lampang,7,
Lamphun,9,
Lampung,15,
Lamu,10,7
Lang Son,18,
Languedoc R.,12,
Lankaran,9,4
Lao Cai,13,
Lara,15,4
Las Tunas,9,4
Lattakia,12,
Latvia,3,3
Lavalleja,15,
Lazio,9,
Le Kef,5,8
Lebanon,6,
Lebap,10,
Lempira,10,
Leningradskaya ,11,
Leon,4,1
Lesotho,9,6
Liaoning Sheng,11,3
Liguria,7,
Limon,26,
Limousin,13,
Limpopo,6,34
Lindi,4,2
Lipetskaya ,6,9
Littoral,6,5
Lodzkie,23,1
Loei,3,1
Lofa,12,
Logar,16,8
Logone Occid.,6,
Logone Oriental,6,1
Loja,2,
Lomami,12,
Lombardia,11,1
Long An,6,
Lopburi,6,
Lorestan,4,3
Lorraine,24,
Los Lagos,10,
Los Rios,18,
Los Santos,1,2
Louang-Namtha,16,
Louangphabang,23,
Louga,3,9
Louisiana,18,
Lualaba,4,
Luanda,6,9
Luapula,5,
Lubeiskie,19,3
Lubuskie,9,1
Luhans'ka,9,8
Lusaka,7,2
Luxembourg,4,
M'Sila,9,6
Machakos,7,7
Madaba,4,5
Madang,2,
Madhya Pradesh,21,4
Madrid,6,6
Madriz,5,
Mae Hong Son,11,
Maekel,10,4
Mafraq,5,3
Magdalena,11,
Magway,1,2
Maha Sarakham,10,2
Mahaica Berbice,11,5
Maharashtra,11,3
Mahdia,17,7
Maine,13,
Majang,8,
Makueni,7,6
Malanje,5,
Malatya,21,
Maldonado,14,
Malindi,17,10
Malopolske,13,3
Maluku,19,
Maluku Utara,21,
Mambéré-Kadéï,10,
Mamou,5,
Manabi,10,4
Managua,12,6
Mandalay,4,3
Mandoul,4,
Manica,8,3
Manicaland,7,7
Maniema,15,
Manipur,10,2
Manisa,15,1
Manitoba,19,4
Manouba,5,6
Manyara,5,15
Maputo,11,16
Mara,21,6
Maradi,4,5
Maramures,18,12
Maranhao,6,
Marche,9,2
Mardin,6,2
Margibi,14,4
Marib,10,1
Marijampoles,11,8
Maritime,11,
Mariy-el Rep.,3,8
Markazi,4,6
Marrakech,10,6
Mary,6,8
Maryland,19,3
Masaya,3,4
Mascara,9,7
Mashonaland C.,6,1
Mashonaland East,9,2
Mashonaland West,5,3
Massachusetts,13,
Masvingo,6,9
Matabeleland N.,8,10
Matabeleland S.,4,22
Matagalpa,2,
Matam,4,8
Matanzas,8,
Mato Grosso,11,
Mato Grosso S,15,5
Maule,3,
Mayo-Kebbi Est,4,1
Mayo-Kebbi Ouest,4,2
Mazandaran,16,
Mazowieckie,15,7
Mbeya,10,1
Mecklenburg V.,18,9
Medea,13,9
Medenine,9,4
Meghalaya,13,
Mehedinti,20,11
Meknès,14,4
Melaka,6,
Menabe,4,3
Mendoza,7,1
Merida,14,
Meru,15,10
Meta,11,
Metekel,6,
Metropolitana,10,
Mexico,14,7
Michigan,14,
Michoacan,15,
Mid Northen,5,1
Mid West,33,
Midi-Pyrenees,24,1
Midlands,7,13
Mie,15,
Migori,12,
Mila,5,8
Milne Bay,6,
Minas Gerais,15,
Minnesota,23,1
Minsk,9,9
Misiones,22,4
Missan,9,6
Mississippi,15,2
Missouri,15,
Misurata,11,18
Miyagi,26,
Miyazaki,14,
Mizoram,5,
Moere Og Romsdal,4,4
Mogilev,5,2
Moldova,21,14
Molise,17,
Mon,9,2
Monagas,10,
Monastir,20,9
Mondul Kiri,9,
Mongala,5,
Montagnes,11,
Montana,23,2
Montenegro,6,
Montevideo,14,
Montserrado,12,4
Mopti,5,1
Moquegua,7,4
Mordoviya Rep.,4,10
Morelos,11,
Morobe,13,
Morogoro,3,8
Moskovskaya ,7,3
Mostaganem,9,9
Motagua Valley,15,1
Moyen-Chari,3,
Mpumalanga,16,13
Mtskheta,20,7
Mtwara,3,3
Mugla,18,
Mukdahan,11,2
Muranga,13,
Mures,16,11
Mus,8,3
Muslim Mindanao,16,
Muthanna,5,4
Mwanza,8,1
Mykolayivs'ka,31,
N. De Santander,17,
N.W. Frontier,20,1
Nabeul,10,4
Nagaland,6,
Nagano,19,
Nagasaki,14,
Nairobi,14,9
Najaf,5,4
Nakhchivan,39,8
Nakhon Nayok,21,4
Nakhon Pathom,19,
Nakhon Phanom,9,6
Nakhon R.,7,1
Nakhon S.T.,7,
Nakhon Sawan,12,
Nakuru,12,6
Nam Dinh,17,3
Namangan,7,2
Name Unknown,17,7
Namibe,9,6
Nampula,12,
Nan,10,
Nandi,9,
Nangarhar,18,2
Nangroe A.D.,11,
Napo,10,
Nara,12,
Narathiwat,10,
Narino,15,
Narok,9,5
Naryn,25,11
Nassarawa,9,
Navarra,12,7
Navoiy,6,6
Nayarit,24,
Neamt,12,6
Nebraska,10,1
Negeri Sembilan,5,
Nei Mongol Z.,13,4
Nelson,19,
Netherlands,4,
Nevada,14,3
Nevsehir,15,9
New Hampshire,18,
New Jersey,12,
New Mexico,17,6
New South Wales,6,10
New York,12,
Nghe An,11,2
Niassa,8,1
Niederosterreich,7,3
Niedersachsen,7,
Nigde,13,
Niger,8,3
Niigata,16,
Nimba,13,2
Ninewa,9,6
Ningxia Huizu Z.,15,7
Ninh Binh,14,1
Ninh Thuan,19,4
Nippes,7,
Nitra,24,6
Nizhegorodskaya ,4,8
Njombe,6,
Nong Bua Lamphu,7,1
Nong Khai,9,6
Nonthaburi,7,
Nord,23,7
Nord - Ouest,9,
Nord Est,8,
Nord Ouest,27,2
Nord Pas Cala,21,2
Nord-troendelag,6,
Nordland,3,2
Nordrhein W.,9,2
North Bahr Ghaza,7,4
North Carolina,8,
North Central,27,
North Dakota,21,3
North East,11,11
North Gonder,7,
North Kivu,17,
North Kordofa,5,6
North Macedonia,21,
North Mindanao,16,
North Shewa R3,16,
North Shewa R4,7,1
North Sinai,4,3
North Ubangi,3,
North West,35,15
North Western,13,
North Wollo,19,1
North-West,7,
Northern,57,3
Northern Cape,8,4
Northern Darfur,3,8
Northern Ireland,6,
Northern Region,10,
Northland,5,
Notio Aigaio,12,6
Novosibirskaya ,7,5
Nueva Segovia,4,
Nuevo Leon,18,10
Nuqat Al Khams,8,5
Nusatenggara B.,16,
Nusatenggara T.,21,
Nyamira,19,2
Nyandarua,12,4
Nyanga,6,6
Nyeri,19,5
Nyugat-Dunántúl,20,4
Nzerekore,9,
Oaxaca,21,
Oberosterreich,4,1
Ocotepeque,7,
Odes'ka,29,9
Oerebro Laen,7,3
Oestergoetlands,9,13
Oestfold,17,8
Ohangwena,6,5
Ohio,18,2
Okayama,18,
Okinawa,7,
Oklahoma,10,
Olancho,10,
Olt,31,7
Omskaya ,9,6
Omusati,10,3
Ondo,6,
Ontario,10,1
Ooita,13,
Oosaka,11,
Opolskie,19,4
Oppland,9,1
Oran,9,7
Ordu,16,8
Oregon,19,
Orellana,8,
Orenburgskaya ,8,10
Oriental,14,10
Orissa,10,3
Orlovskaya ,6,7
Oromia,14,3
Oruro,3,5
Osh,9,4
Oshana,6,6
Oshikoto,6,12
Osmaniye,10,2
Osun,5,2
Otago,20,
Otdar Meanchey,6,
Ouaddai,5,6
Ouaka,9,
Oudomxai,17,
Ouest,23,
Ouham,7,
Ouham Pendé,6,
Oulu,7,2
Oum El Bouaghi,4,6
Oyo,9,4
P'yongan-bukto,9,
P'yongan-namdo,7,
P'yongyang-si,7,
Pahang,6,
Pailin,10,1
Paktika,12,10
Paktya,30,6
Panamá,6,
Pando,21,
Panevezio,2,14
Panjsher,24,1
Papua,25,
Para,8,
Paraguari,9,2
Paraiba,13,8
Paraiso,7,
Parana,21,
Parwan,19,4
Pasco,4,
Pathum Thani,15,
Pattani,8,
Pavlodarskaya,10,19
Pays-de-la-Loire,19,
Paysandu,14,4
País Vasco,10,1
Peloponnisos,14,2
Pennsylvania,9,
Penzenskaya ,4,15
Perak,19,
Perlis,20,1
Permskaya ,5,1
Pernambuco,8,3
Petén,8,
Phachinburi,17,3
Phangnga,22,
Phatthalung,12,
Phayao,14,
Phetchabun,7,
Phetchaburi,12,
Phichit,20,
Phitsanulok,12,2
Phnom Penh,8,4
Phongsali,31,
Phra Nakhon S.A.,7,
Phrae,12,1
Phu Tho,13,
Phu Yen,20,1
Phuket,16,
Piaui,8,6
Picardie,21,2
Pichincha,7,
Piemonte,9,
Pinar Del Rio,15,
Piura,2,
Plateau,22,1
Plateau Central,8,3
Plateaux,12,
Podkarpackie,19,1
Podlaskie,11,9
Poitou-Charentes,20,
Poltavs'ka,20,5
Pomeroon,8,
Pomorskie,10,
Pool,14,
Port Said,1,16
Portugal,15,25
Portuguesa,12,1
Potosi,3,2
Prachuap K.,14,1
Praha,24,4
Prahova,23,18
Preah Sihanouk,9,
Preah Vihear,3,3
Presidente Hayes,22,6
Presov,9,5
Prey Veng,12,
Primorskiy Kray,6,
Prince Edward,15,1
Provence,10,
Pskovskaya ,6,
Puebla,25,
Puerto Rico,15,
Puglia,16,
Pulau Pinang,21,
Punjab,47,10
Puno,13,5
Puntarenas,11,
Pursat,14,2
Pwani,11,
Qadissiya,9,2
Qinghai Sheng,14,3
Quang Binh,12,4
Quang Nam,21,1
Quang Ngai,16,
Quang Ninh,15,
Quang Tri,19,2
Quassim,12,
Queensland,10,
Queretaro,22,11
Quiché,20,
Quindio,17,
Quintana Roo,11,
Québec,19,
Rabat,6,6
Rajasthan,13,9
Rajshahi,12,3
Rakhine,5,
Rangpur,11,
Ranong,20,5
Raqqa,7,4
Ras Al Khaimah,18,4
Ratanak Kiri,3,4
Ratchaburi,11,
Rayong,11,
Region 14,6,12
Region wallonne,7,
Región de Murcia,24,9
Relizane,13,8
Republika Srpska,3,
Rheinland-Pfalz,12,
Rhone-Alpes,7,4
Riau,8,
Rio De Janeiro,19,1
Rio Grande N,16,2
Rio Grande S,14,5
Rio Negro,20,12
Rio San Juan,15,
Risaralda,15,
Rivas,6,
Rivera,6,3
Rivers,17,5
Rivnens'ka,9,
Riyad,23,
Rize,8,
Rocha,11,
Rogaland,8,4
Roi Et,8,2
Rondonia,7,
Roraima,23,
Rostovskaya ,20,1
Rukwa,8,
Ruvuma,3,
Rwanda East,14,1
Rwanda West,13,
Ryazanskaya ,5,11
Sa Kaeo,8,2
Saarland,5,
Sabah,6,
Sabaragamuwa,7,
Sachsen,19,6
Sachsen-Anhalt,21,6
Saga,14,
Sagaing,2,1
Sahel,4,4
Saida,8,8
Saint louis,1,4
Saitama,18,
Sakarya,18,4
Sakon Nakhon,9,
Salah al-Din,16,4
Salaj,15,9
Salamat,11,3
Salavan,22,4
Salta,6,5
Salto,13,
Salzburg,6,
Samangan,7,2
Samarkand,13,5
Samarskaya ,8,20
Samergelo,13,
Samsun,22,4
Samtskhe J.,18,12
Samut Prakarn,22,
Samut Sakhon,19,
Samut Songkham,19,
San Jose,22,3
San Luis,11,4
San Luis Potosi,12,14
San Martín,20,
San Pedro,21,
Sana'a,2,8
Sancti Spiritus,13,
Sanliurfa,11,12
Santa Barbara,12,
Santa Catarina,22,
Santa Cruz,11,
Santa Elena,12,10
Santa Fe,16,
Santander,12,
Santiago De Cuba,8,
Santiago Estero,13,8
Sao Paulo,17,
Sar-e-Pul,8,4
Saraburi,8,
Saratovskaya ,9,20
Sarawak,17,
Sardegna,19,1
Saskatchewan,17,2
Sassandra,11,2
Satu Mare,25,4
Satun,21,1
Sava,21,
Savanes,17,1
Savannakhet,13,3
Schleswig,14,2
Scotland,14,2
Segen Peoples,18,9
Segou,8,2
Selangor,4,
Selenge,6,11
Selti,9,3
Semenawi K.B.,3,
Semnan,10,
Sennar,4,9
Serbia,12,5
Sergipe,7,11
Setif,5,10
Severnaya,17,2
Severo,15,12
Severocesky,10,2
Severomoravsky,17,12
Sfax,22,
Shaanxi Sheng,21,8
Shabelle Dhexe,5,7
Shabelle Hoose,12,5
Shaki-Zaqatala,27,2
Shan (E),19,
Shan (N),6,
Shan (S),4,
Shandong Sheng,12,
Shanghai Shi,16,
Shanxi Sheng,17,8
Sharjah,16,3
Sheka,5,
Shida Kartli,22,6
Shinyanga,8,6
Si Saket,9,2
Siauliu,4,13
Siaya,12,3
Sibiu,15,6
Sichuan Sheng,14,2
Sicilia,7,
Sidama,11,7
Sidi Bel Abbes,12,5
Sidi Bouz,8,3
Siem Reap,8,
Siga,15,
Siirt,5,4
Sikasso,11,
Sikkim,23,2
Sila,8,4
Siliana,7,9
Simane,17,
Simiyu,16,5
Sinaloa,12,11
Sindh,2,
Singburi,17,2
Singida,7,6
Sinop,20,11
Sirdarya,10,4
Sirnak,6,5
Sivas,26,8
Sizuoka,11,
Skaane Laen,12,7
Skikda,5,9
Slaskie,21,6
Slovenia,8,
Smolenskaya ,5,2
Soc Trang,3,
Soccsksargen,15,
Soedermanlands,9,13
Soer-Troendelag,6,
Sofala,6,4
Sofia,11,
Sogd,11,6
Sogn og Fjordane,5,2
Sokoto,4,2
Son La,20,
Songkhla,10,
Sonora,19,4
Soriano,13,8
Souk-Ahras,5,10
Souss,12,2
Sousse,14,5
South Australia,5,13
South Carolina,6,
South Dakota,21,3
South Drylands,13,
South Eastern,19,2
South Gonder,9,3
South Highlands,14,
South Kivu,11,
South Kordofa,13,5
South Omo,19,1
South Tagalog,24,
South Ubangi,5,
South West Shewa,9,
South Wollo,19,
South-East,9,26
Southern,33,25
Southern Area,5,
Southern Darfur,8,6
Southern Finland,12,3
Southern Region,11,4
Southland,26,
Stavropolskiy,23,2
Steiermark,5,
Sterea Ellada,10,4
Stockholms Laen,9,15
Stredocesky,22,4
Stung Treng,1,
Suceava,10,3
Sucre,10,
Sucumbios,2,
Sud,13,1
Sud - Ouest,11,7
Sud Est,21,
Sud-ouest,8,
Suez,4,8
Sukhothai,6,3
Sulawesi Barat,14,
Sulawesi Selatan,14,
Sulawesi T.,19,
Sulawesi Tengah,17,
Sulawesi Utara,16,
Sulaymaniyah,6,4
Sumatera Barat,7,
Sumatera Selatan,12,
Sumatera Utara,12,
Sums'ka,8,7
Suphanburi,14,2
Surat Thani,17,
Surin,9,2
Surkhandarya,6,3
Svay Rieng,17,4
Sverdlovskaya ,5,5
Swietokrzyskie,14,6
Switzerland,10,
Sylhet,17,4
Tabasco,11,
Tabora,9,6
Tabuk,2,
Tachira,15,
Tacuarembo,6,3
Tadla - Azilal,7,4
Tadzhikistan T.,6,3
Taegu,12,
Taejon,9,
Tafiela,5,8
Tahoua,3,6
Taita Taveta,12,6
Taiwan Sheng,22,
Tak,3,
Takeo,9,2
Takhar,9,1
Talas,16,4
Tamaulipas,13,9
Tambacounda,6,7
Tambovskaya ,5,6
Tamil Nadu,7,2
Tandjile,4,
Tanga,10,9
Tanganyika,9,
Tanger - Tétouan,8,8
Taninthayi,39,
Taraba,8,
Taranaki,11,
Tarhunah,6,9
Tarija,14,3
Tartous,11,6
Tashauz,3,2
Tashkent,7,4
Tasmania,11,
Tatarstan Rep.,3,11
Taurages,2,12
Tay Ninh,10,
Taza,11,6
Tebessa,4,3
Tehran,23,
Tekirdag,20,12
Telemark,8,10
Teleorman,33,7
Telsiu,3,12
Tennessee,8,
Terengganu,6,
Ternopil's'ka,18,6
Tete,9,3
Texas,15,
Thai Binh,17,2
Thai Nguyen,17,
Thanh Hoa,13,
Tharaka,5,9
Thessalia,17,2
Thi-Qar,8,4
Thua Thien - Hue,16,
Thueringen,18,6
Tianjin Shi,15,
Tiaret,11,7
Tiba,17,
Tien Giang,6,
Tillaberi,3,5
Timis,25,5
Timor-Leste,19,
Tipaza,11,4
Tirol,5,
Tissemsilt,11,8
Tizi Ouzou,12,9
Tlaxcala,17,7
Tlemcen,11,8
To'v,9,14
Tocantins,6,
Tokat,30,9
Tokusima,19,
Tolima,16,
Tomskaya ,3,
Tookyoo,12,
Toscana,8,
Totigi,18,
Tottori,12,
Toyama,17,
Tra Vinh,2,
Trabzon,11,1
Trad,23,
Trang,13,
Trans Nzoia,36,
Treinta Y Tres,8,4
Trencin,11,15
Trentino,6,
Tripoli,11,8
Tripura,8,
Trnava,23,6
Trujillo,20,1
Tsachilas,4,3
Tshopo,4,
Tubruq (tobruk),2,4
Tucuman,9,
Tulcea,29,3
Tulskaya ,11,7
Tumbes,3,10
Tunceli,24,
Tungurahua,9,
Tuyen Quang,11,
Tverskaya ,12,2
Tyumenskaya ,10,1
Tyva Rep.,8,6
Uasin Gishu,33,4
Ubon Ratchathani,8,6
Ucayali,14,
Udmurtiya Rep.,3,8
Udon Thani,9,1
Ulyanovskaya ,6,18
Umbria,18,
Unit unavailable,236,32
Unity,6,15
Upper Demerara,17,
Upper East,6,1
Upper Nile,4,10
Upper Takutu,29,5
Upper West,7,1
Uppsala Laen,9,15
Uruzgan,6,
Usak,15,4
Ustordynskiy BO,10,4
Utah,10,1
Utenos,2,8
Uthai Thani,3,1
Uttar Pradesh,21,4
Uttaradit,10,
Uttarakhand,24,
Uva,28,
Vaermlands Laen,8,7
Vaesterbottens,6,
Vaesternorrlands,8,
Vaestmanlands,6,7
Vaestra G.L.,10,6
Vakinankaratra,13,
Valle,5,
Valle D'aosta,4,2
Valle Del Cauca,11,
Valparaiso,10,8
Van,24,8
Vaslui,15,12
Vatovavy F.,32,
Vaupes,7,
Veneto,11,1
Veracruz,26,
Veraguas,8,4
Verapaz,12,
Vermont,13,
Vest-Agder,9,9
Vestfold,10,17
Victoria,6,12
Vientiane,12,
Vientiane cap.,9,
Vihiga,13,
Vilcea,19,2
Villa Clara,11,
Vilniaus,2,7
Vinh Long,10,1
Vinh Phuc,23,1
Vinnyts'ka,20,5
Virginia,14,
Vitebsk,6,5
Vlaams Gewest,7,
Vladimirskaya ,4,9
Volgogradskaya ,10,
Vologodskaya ,11,1
Volta,14,1
Volyns'ka,10,4
Voreio Aigaio,17,3
Voronezhskaya ,5,10
Vostochno,21,10
Vrancea,16,19
Vychodocesky,18,6
Wadi Fira,3,6
Wag Himra,9,3
Waikato,9,
Wakayama,14,
Wales,13,
Wanganui,14,
Warab,9,
Wardak,15,14
Warminsko M.,7,6
Washington,17,
Wassit,13,6
Wellington,9,
West,66,7
West Arsi,9,1
West Australia,7,7
West Azarbayejan,21,
West Bank,4,7
West Bengal,12,
West Cape,9,9
West Darfur,7,4
West Equatoria,3,
West Finland,9,4
West Gojam,9,2
West Harerge,13,8
West Highlands,15,
West Nile,2,
West Pokot,20,3
West Shewa,5,2
West Virginia,10,
West Visayas,17,
West Wellega,7,
Western,24,4
Westland,26,
White Nile,2,2
Wielkopolskie,19,2
Wisconsin,16,1
Wolayita,10,
Woqooyi Galbeed,8,6
Woroba,7,
Wyoming,16,12
Xaignabouli,5,1
Xekong,15,5
Xentii,5,8
Xiangkhouang,14,2
Xinjiang U.Z.,1,8
Xizang Zizhiqu,8,4
Yafran (yefren),4,6
Yala,19,
Yalova,33,2
Yamagata,22,
Yamaguti,19,
Yamanasi,15,
Yanggang-do,9,
Yangon,17,3
Yaracuy,16,
Yaroslavskaya ,13,1
Yasothon,10,3
Yazd,9,
Yem,6,1
Yen Bai,18,
Yevreyskaya A. ,9,1
Yobe,9,4
Yoro,14,
Yozgat,14,10
Ysyk-Kol,8,18
Yucatan,11,
Yujno K.,14,4
Yukhari Garabakh,25,
Yunnan Sheng,20,
Zabul,5,
Zacatecas,17,7
Zachodnio,9,3
Zaghouan,8,9
Zakarpats'ka,17,8
Zambezi,10,19
Zambezia,10,
Zamboanga,21,
Zamfara,11,3
Zanjan,20,6
Zanzan,12,
Zapadno K.,17,
Zapadocesky,4,9
Zaporiz'ka,28,6
Zarqa,3,4
Zeleitin,12,8
Zhejiang Sheng,18,
Zhytomyrs'ka,9,1
Zilna,12,4
Zinder,4,7
Zona No Del.,9,7
Zonguldak,13,9
Zou,9,2
Zulia,23,3
eSwatini,13,5
Észak-Alföld,18,3
Észak-Magyar.,23,7
Al Bayda,,6
Alexandria,,3
Amanat Al Asimah,,4
Amran,,4
Bukhara,,2
Dakahlia,,1
Hajjah,,1
Ismailia,,6
Khorezm,,4
Sa'ada,,1
Sabha,,8
Sedhiou,,1
Taizz,,6
Thies,,9
Ziguinchor,,4
